{
    "name": "root",
    "gauges": {
        "SpinnyBoi.Policy.Entropy.mean": {
            "value": 1.3686745166778564,
            "min": 1.3662811517715454,
            "max": 1.4222760200500488,
            "count": 24
        },
        "SpinnyBoi.Environment.EpisodeLength.mean": {
            "value": 31.662125340599456,
            "min": 31.662125340599456,
            "max": 153.58441558441558,
            "count": 24
        },
        "SpinnyBoi.Policy.ExtrinsicValueEstimate.mean": {
            "value": 0.9865611791610718,
            "min": -0.39989370107650757,
            "max": 0.9870060682296753,
            "count": 24
        },
        "SpinnyBoi.Environment.CumulativeReward.mean": {
            "value": 1.278501326771458,
            "min": -1.252641445623254,
            "max": 1.3510118673245113,
            "count": 24
        },
        "SpinnyBoi.Policy.ExtrinsicReward.mean": {
            "value": 1.278501326771458,
            "min": -1.252641445623254,
            "max": 1.3510118673245113,
            "count": 24
        },
        "SpinnyBoi.IsTraining.mean": {
            "value": 1.0,
            "min": 1.0,
            "max": 1.0,
            "count": 24
        },
        "SpinnyBoi.Losses.PolicyLoss.mean": {
            "value": 0.10161589153663798,
            "min": 0.08886982349815004,
            "max": 0.10806744152417742,
            "count": 23
        },
        "SpinnyBoi.Losses.ValueLoss.mean": {
            "value": 0.0008521706914894843,
            "min": 0.0008521706914894843,
            "max": 0.3218538757420266,
            "count": 23
        },
        "SpinnyBoi.Policy.LearningRate.mean": {
            "value": 0.00013378445540519998,
            "min": 0.00013378445540519998,
            "max": 0.0002927940024019999,
            "count": 23
        },
        "SpinnyBoi.Policy.Epsilon.mean": {
            "value": 0.14459480000000002,
            "min": 0.14459480000000002,
            "max": 0.19759799999999997,
            "count": 23
        },
        "SpinnyBoi.Policy.Beta.mean": {
            "value": 0.0004514885200000001,
            "min": 0.0004514885200000001,
            "max": 0.0009762201999999997,
            "count": 23
        }
    },
    "metadata": {
        "timer_format_version": "0.1.0",
        "start_time_seconds": "1609182840",
        "python_version": "3.7.3 (default, Oct 28 2020, 22:22:01) \n[Clang 12.0.0 (clang-1200.0.32.2)]",
        "command_line_arguments": "/Users/Bernhard.Eiling/.pyenv/versions/3.7.3/bin/mlagents-learn config/spinnyboi_config.yaml --run-id=spinning_away --force",
        "mlagents_version": "0.23.0",
        "mlagents_envs_version": "0.23.0",
        "communication_protocol_version": "1.3.0",
        "pytorch_version": "1.7.1",
        "numpy_version": "1.19.4",
        "end_time_seconds": "1609184842"
    },
    "total": 2001.9489457989998,
    "count": 1,
    "self": 0.004904345999875659,
    "children": {
        "run_training.setup": {
            "total": 0.006956599000000008,
            "count": 1,
            "self": 0.006956599000000008
        },
        "TrainerController.start_learning": {
            "total": 2001.937084854,
            "count": 1,
            "self": 5.885626528973944,
            "children": {
                "TrainerController._reset_env": {
                    "total": 6.21537003,
                    "count": 1,
                    "self": 6.21537003
                },
                "TrainerController.advance": {
                    "total": 1989.706997188026,
                    "count": 297530,
                    "self": 3.2180159240431294,
                    "children": {
                        "env_step": {
                            "total": 1986.4889812639829,
                            "count": 297530,
                            "self": 1717.3041399699537,
                            "children": {
                                "SubprocessEnvManager._take_step": {
                                    "total": 265.92649213299575,
                                    "count": 297530,
                                    "self": 13.957059725936745,
                                    "children": {
                                        "TorchPolicy.evaluate": {
                                            "total": 251.969432407059,
                                            "count": 292995,
                                            "self": 57.28666815704639,
                                            "children": {
                                                "TorchPolicy.sample_actions": {
                                                    "total": 194.6827642500126,
                                                    "count": 292995,
                                                    "self": 194.6827642500126
                                                }
                                            }
                                        }
                                    }
                                },
                                "workers": {
                                    "total": 3.2583491610333546,
                                    "count": 297529,
                                    "self": 0.0,
                                    "children": {
                                        "worker_root": {
                                            "total": 1994.11272562098,
                                            "count": 297529,
                                            "is_parallel": true,
                                            "self": 486.39230409397396,
                                            "children": {
                                                "run_training.setup": {
                                                    "total": 0.0,
                                                    "count": 0,
                                                    "is_parallel": true,
                                                    "self": 0.0,
                                                    "children": {
                                                        "steps_from_proto": {
                                                            "total": 0.0006609890000000007,
                                                            "count": 1,
                                                            "is_parallel": true,
                                                            "self": 0.00016117900000001129,
                                                            "children": {
                                                                "_process_vector_observation": {
                                                                    "total": 0.0004998099999999894,
                                                                    "count": 2,
                                                                    "is_parallel": true,
                                                                    "self": 0.0004998099999999894
                                                                }
                                                            }
                                                        },
                                                        "UnityEnvironment.step": {
                                                            "total": 0.01596906099999984,
                                                            "count": 1,
                                                            "is_parallel": true,
                                                            "self": 8.94589999997919e-05,
                                                            "children": {
                                                                "UnityEnvironment._generate_step_input": {
                                                                    "total": 0.00011788399999979049,