{"cameraMode":{"drawMode":0,"name":"Shaded","section":"Shading Mode"},"sceneLighting":true,"audioPlay":false,"sceneViewState":{"showFog":true,"showMaterialUpdate":false,"showSkybox":true,"showFlares":true,"showImageEffects":true,"showParticleSystems":true},"in2DMode":false,"pivot":{"x":732.4221801757813,"y":-13.254803657531739,"z":557.1184692382813},"rotation":{"x":-0.007401799317449331,"y":0.9621604681015015,"z":-0.2712811529636383,"w":-0.027193792164325715},"size":379.8995666503906,"orthographic":false}