{"cameraMode":{"drawMode":0,"name":"Shaded","section":"Shading Mode"},"sceneLighting":true,"audioPlay":false,"sceneViewState":{"showFog":true,"showMaterialUpdate":false,"showSkybox":true,"showFlares":true,"showImageEffects":true,"showParticleSystems":true},"in2DMode":false,"pivot":{"x":971.0499877929688,"y":168.8000030517578,"z":1186.5899658203125},"rotation":{"x":0.010520080104470253,"y":-0.9865126013755798,"z":0.14758244156837464,"w":0.0702475905418396},"size":10.0,"orthographic":false}