{"cameraMode":{"drawMode":0,"name":"Shaded","section":"Shading Mode"},"sceneLighting":true,"audioPlay":false,"sceneViewState":{"showFog":true,"showMaterialUpdate":false,"showSkybox":true,"showFlares":true,"showImageEffects":true,"showParticleSystems":true},"in2DMode":false,"pivot":{"x":997.3709106445313,"y":134.98379516601563,"z":1148.834228515625},"rotation":{"x":0.010520080104470253,"y":-0.9865126013755798,"z":0.14758244156837464,"w":0.0702475905418396},"size":231.34486389160157,"orthographic":false}